{
    "max_volume_crypto": "Tether",
    "bests": [
        "Tether",
        "Terra",
        "Dai",
        "UNUS SED LEO",
        "STEPN",
        "KuCoin Token",
        "TrueUSD",
        "Nexo",
        "Pax Dollar",
        "yearn.finance"
    ],
    "worst": [
        "Cosmos",
        "Ethereum Classic",
        "Axie Infinity",
        "Zcash",
        "Waves",
        "Zilliqa",
        "Gala",
        "Harmony",
        "Loopring",
        "Anchor Protocol"
    ],
    "first_20_crypto": {
        "Bitcoin": 39566.636042649596,
        "Ethereum": 2930.705840784119,
        "Tether": 0.9999870509066631,
        "BNB": 407.65751801649617,
        "USD Coin": 1.0002268896264364,
        "Solana": 92.73660767973381,
        "XRP": 0.6375331331281894,
        "Terra": 85.93552827066209,
        "Cardano": 0.8694592254048549,
        "TerraUSD": 1.0010011929530156,
        "Dogecoin": 0.13537316245314163,
        "Binance USD": 1.0005476568618954,
        "Avalanche": 66.1356381576094,
        "Polkadot": 16.043811416441155,
        "Shiba Inu": 2.1421211283970978e-05,
        "Wrapped Bitcoin": 39598.162737478844,
        "Polygon": 1.1507333785099754,
        "NEAR Protocol": 12.752418070927899,
        "Dai": 0.9998067690719458,
        "TRON": 0.08283302636997837
    },
    "crypto": {
        "Bitcoin": 39566.636042649596,
        "Ethereum": 2930.705840784119,
        "Tether": 0.9999870509066631,
        "BNB": 407.65751801649617,
        "USD Coin": 1.0002268896264364,
        "Solana": 92.73660767973381,
        "XRP": 0.6375331331281894,
        "Terra": 85.93552827066209,
        "Cardano": 0.8694592254048549,
        "TerraUSD": 1.0010011929530156,
        "Dogecoin": 0.13537316245314163,
        "Binance USD": 1.0005476568618954,
        "Avalanche": 66.1356381576094,
        "Polkadot": 16.043811416441155,
        "Shiba Inu": 2.1421211283970978e-05,
        "Wrapped Bitcoin": 39598.162737478844,
        "Polygon": 1.1507333785099754,
        "NEAR Protocol": 12.752418070927899,
        "Dai": 0.9998067690719458,
        "TRON": 0.08283302636997837,
        "Litecoin": 105.36956272101085,
        "Cosmos": 19.899476356607618,
        "Bitcoin Cash": 298.66978910318244,
        "Chainlink": 12.01633815806505,
        "Uniswap": 7.840894932006476,
        "FTX Token": 39.57467254397317,
        "Algorand": 0.704653001098126,
        "ApeCoin": 16.049145259946076,
        "Stellar": 0.18410402682343818,
        "Ethereum Classic": 31.59700751078973,
        "Monero": 223.22661423859495,
        "VeChain": 0.0530172768624771,
        "Internet Computer": 13.81527780181367,
        "Filecoin": 15.345592770978268,
        "Elrond": 139.12934306574897,
        "Decentraland": 1.6145968076586028,
        "The Sandbox": 2.35261002001643,
        "Theta Network": 2.570011989278708,
        "Tezos": 2.786782067731323,
        "THORChain": 7.269145652946871,
        "PancakeSwap": 7.818539650060072,
        "EOS": 2.2073422727766547,
        "Fantom": 0.8568431173626745,
        "Aave": 158.61934251206554,
        "Axie Infinity": 34.0184319553752,
        "Klaytn": 0.729078469035834,
        "STEPN": 3.2802531418693377,
        "Zcash": 136.67055024969181,
        "Flow": 5.03733291184918,
        "Waves": 15.776942625525349,
        "BitTorrent-New": 1.7777592340898826e-06,
        "The Graph": 0.33110525203314983,
        "Bitcoin SV": 79.14999960090623,
        "Neo": 19.345498824469523,
        "TrueUSD": 1.0000302297024388,
        "Curve DAO Token": 2.6408779906624993,
        "Kusama": 142.65825995841698,
        "Chiliz": 0.19581772808969294,
        "Zilliqa": 0.09079826972908045,
        "Gala": 0.1576530269529875,
        "Harmony": 0.09026267120546524,
        "Loopring": 0.8122777031631899,
        "Enjin Coin": 1.175833982344916,
        "Dash": 96.3551560888752,
        "Basic Attention Token": 0.6423117563860747,
        "Moonbeam": 2.7870136254528144,
        "0x": 0.7957509835006848,
        "yearn.finance": 17993.445090119418
    },
    "margin": 0.0
}