{
    "max_volume_crypto": "Tether",
    "bests": [
        "Shiba Inu",
        "Flow",
        "ApeCoin",
        "The Sandbox",
        "Helium",
        "Aave",
        "STEPN",
        "Zilliqa",
        "Enjin Coin",
        "Nexo"
    ],
    "worst": [
        "Binance USD",
        "Dai",
        "TrueUSD",
        "TerraClassicUSD",
        "BitTorrent-New",
        "USDD",
        "1inch Network",
        "Storj",
        "Synthetix",
        "Hive"
    ],
    "first_20_crypto": {
        "Bitcoin": 20115.72122783844,
        "Ethereum": 1133.6384850301772,
        "Tether": 0.9987044735745569,
        "USD Coin": 1.0002811396533613,
        "BNB": 220.88484017563266,
        "Binance USD": 1.0018487106433271,
        "XRP": 0.33183647618907475,
        "Cardano": 0.4733165768963454,
        "Solana": 35.43347969806865,
        "Dogecoin": 0.0659780493641352,
        "Polkadot": 7.266908663999813,
        "Dai": 1.0008840817028086,
        "TRON": 0.06594442515461404,
        "UNUS SED LEO": 5.752130448379544,
        "Shiba Inu": 9.920766486442048e-06,
        "Wrapped Bitcoin": 20099.938235436297,
        "Avalanche": 18.340100498033294,
        "Polygon": 0.5321333179994738,
        "Litecoin": 52.5337770508213,
        "Uniswap": 4.930429431254262
    },
    "crypto": {
        "Bitcoin": 20115.72122783844,
        "Ethereum": 1133.6384850301772,
        "Tether": 0.9987044735745569,
        "USD Coin": 1.0002811396533613,
        "BNB": 220.88484017563266,
        "Binance USD": 1.0018487106433271,
        "XRP": 0.33183647618907475,
        "Cardano": 0.4733165768963454,
        "Solana": 35.43347969806865,
        "Dogecoin": 0.0659780493641352,
        "Polkadot": 7.266908663999813,
        "Dai": 1.0008840817028086,
        "TRON": 0.06594442515461404,
        "Shiba Inu": 9.920766486442048e-06,
        "Wrapped Bitcoin": 20099.938235436297,
        "Avalanche": 18.340100498033294,
        "Polygon": 0.5321333179994738,
        "Litecoin": 52.5337770508213,
        "Uniswap": 4.930429431254262,
        "FTX Token": 25.43522201999998,
        "Chainlink": 6.42076357825577,
        "Stellar": 0.11220943920478009,
        "NEAR Protocol": 3.4580826744802047,
        "Monero": 119.55390064257469,
        "Algorand": 0.30904342756749503,
        "Ethereum Classic": 15.429120869432216,
        "Cosmos": 7.247053912364251,
        "Bitcoin Cash": 105.11477981619926,
        "VeChain": 0.023244914505492202,
        "Decentraland": 0.8861103252016727,
        "ApeCoin": 4.828895588845639,
        "The Sandbox": 1.0604063769754761,
        "Filecoin": 5.535707749539608,
        "Axie Infinity": 15.068499792927696,
        "Maker": 961.4009905161518,
        "EOS": 0.9416523168806724,
        "Aave": 60.67781083281672,
        "TerraClassicUSD": 0.07942081099465821,
        "BitTorrent-New": 8.654152572451898e-07,
        "USDD": 0.9904886901876211,
        "Fantom": 0.2672250459987902,
        "THORChain": 1.9374991113257571,
        "Chiliz": 0.1022062974659104,
        "Stacks": 0.4475113082569412,
        "Waves": 5.281627105868559,
        "STEPN": 0.8772179315793838,
        "Zilliqa": 0.03993282122122711,
        "Dash": 45.885370039922094,
        "1inch Network": 0.7598419710667432,
        "Gala": 0.05678907240348529,
        "Curve DAO Token": 0.7120103407061871,
        "Compound": 48.210106942253525,
        "Storj": 0.7968348775020241,
        "Synthetix": 2.6270335267208833,
        "Hive": 0.6457373820883359
    },
    "margin": -97.23352617
}