{
    "max_volume_crypto": "Tether",
    "bests": [
        "UNUS SED LEO",
        "TrueUSD",
        "Pax Dollar",
        "USDD",
        "PAX Gold",
        "Fei USD",
        "Nexo",
        "Synthetix",
        "Compound",
        "Harmony"
    ],
    "worst": [
        "XRP",
        "Avalanche",
        "Polygon",
        "Axie Infinity",
        "BitTorrent-New",
        "OKB",
        "THORChain",
        "Basic Attention Token",
        "Zilliqa",
        "Storj"
    ],
    "first_20_crypto": {
        "Bitcoin": 21207.17732732919,
        "Ethereum": 1190.615002323216,
        "Tether": 0.9994309397431121,
        "USD Coin": 1.0000916899480154,
        "BNB": 237.3645674301209,
        "XRP": 0.3737413762339365,
        "Binance USD": 1.00171635959952,
        "Cardano": 0.5003448664173161,
        "Solana": 40.192228317013395,
        "Dogecoin": 0.06642670338254193,
        "Polkadot": 8.101492032467888,
        "Dai": 1.000025733865646,
        "TRON": 0.06543101799956623,
        "Shiba Inu": 1.0995102526497502e-05,
        "Wrapped Bitcoin": 21221.774802882974,
        "Avalanche": 19.704027466349807,
        "UNUS SED LEO": 5.777291814882976,
        "Polygon": 0.5986261323779349,
        "Uniswap": 5.630145740920794,
        "Litecoin": 56.2074209808508
    },
    "crypto": {
        "Bitcoin": 21207.17732732919,
        "Ethereum": 1190.615002323216,
        "Tether": 0.9994309397431121,
        "USD Coin": 1.0000916899480154,
        "BNB": 237.3645674301209,
        "XRP": 0.3737413762339365,
        "Binance USD": 1.00171635959952,
        "Cardano": 0.5003448664173161,
        "Solana": 40.192228317013395,
        "Dogecoin": 0.06642670338254193,
        "Polkadot": 8.101492032467888,
        "Dai": 1.000025733865646,
        "TRON": 0.06543101799956623,
        "Shiba Inu": 1.0995102526497502e-05,
        "Wrapped Bitcoin": 21221.774802882974,
        "Avalanche": 19.704027466349807,
        "Polygon": 0.5986261323779349,
        "Uniswap": 5.630145740920794,
        "Litecoin": 56.2074209808508,
        "FTX Token": 26.358499830869956,
        "Chainlink": 7.2275389719050604,
        "Stellar": 0.1272329395545757,
        "NEAR Protocol": 3.7618456149011776,
        "Algorand": 0.35104947637990785,
        "Cosmos": 8.246043416435912,
        "Bitcoin Cash": 120.07146976396092,
        "Ethereum Classic": 16.457246811127153,
        "VeChain": 0.024947414102554886,
        "Decentraland": 0.9225832874439333,
        "Theta Network": 1.389615760954391,
        "Axie Infinity": 16.638281316188642,
        "The Sandbox": 1.0737434367360383,
        "ApeCoin": 4.502949092266343,
        "Filecoin": 5.9524188192044285,
        "Bitcoin SV": 64.71231427944663,
        "EOS": 1.0105552798827997,
        "Maker": 1018.4044970359272,
        "Zcash": 67.38528220076034,
        "Aave": 68.70339377806002,
        "BitTorrent-New": 8.794008277340101e-07,
        "THORChain": 2.2448486901132916,
        "Fantom": 0.27858337733457755,
        "USDD": 0.9740067175582919,
        "Waves": 6.429443873035874,
        "Basic Attention Token": 0.43702347017520693,
        "Chiliz": 0.10092372779581105,
        "Zilliqa": 0.046297953893083894,
        "Loopring": 0.42030130215303135,
        "Dash": 50.63701808675998,
        "PancakeSwap": 3.334400180259431,
        "STEPN": 0.8232180642088495,
        "Enjin Coin": 0.53467506152315,
        "Curve DAO Token": 0.8291383457708053,
        "Gala": 0.06058683304874753,
        "Storj": 0.9492282194533476,
        "Synthetix": 3.0168782587002654,
        "Compound": 43.29887008135372,
        "Harmony": 0.024625373644762492
    },
    "margin": 1.4210854715202004e-14
}